created_at,id,id_str,full_text,truncated,display_text_range,source,in_reply_to_status_id,in_reply_to_status_id_str,in_reply_to_user_id,in_reply_to_user_id_str,in_reply_to_screen_name,geo,coordinates,place,contributors,is_quote_status,retweet_count,favorite_count,favorited,retweeted,lang,metadata.iso_language_code,metadata.result_type,user.id,user.id_str,user.name,user.screen_name,user.location,user.description,user.url,user.entities.url.urls,user.entities.description.urls,user.protected,user.followers_count,user.friends_count,user.listed_count,user.created_at,user.favourites_count,user.utc_offset,user.time_zone,user.geo_enabled,user.verified,user.statuses_count,user.lang,user.contributors_enabled,user.is_translator,user.is_translation_enabled,user.profile_background_color,user.profile_background_image_url,user.profile_background_image_url_https,user.profile_background_tile,user.profile_image_url,user.profile_image_url_https,user.profile_banner_url,user.profile_link_color,user.profile_sidebar_border_color,user.profile_sidebar_fill_color,user.profile_text_color,user.profile_use_background_image,user.has_extended_profile,user.default_profile,user.default_profile_image,user.following,user.follow_request_sent,user.notifications,user.translator_type,user.withheld_in_countries,possibly_sensitive,quoted_status_id,quoted_status_id_str,quoted_status.created_at,quoted_status.id,quoted_status.id_str,quoted_status.full_text,quoted_status.truncated,quoted_status.display_text_range,quoted_status.metadata.iso_language_code,quoted_status.metadata.result_type,quoted_status.source,quoted_status.in_reply_to_status_id,quoted_status.in_reply_to_status_id_str,quoted_status.in_reply_to_user_id,quoted_status.in_reply_to_user_id_str,quoted_status.in_reply_to_screen_name,quoted_status.user.id,quoted_status.user.id_str,quoted_status.user.name,quoted_status.user.screen_name,quoted_status.user.location,quoted_status.user.description,quoted_status.user.url,quoted_status.user.entities.url.urls,quoted_status.user.entities.description.urls,quoted_status.user.protected,quoted_status.user.followers_count,quoted_status.user.friends_count,quoted_status.user.listed_count,quoted_status.user.created_at,quoted_status.user.favourites_count,quoted_status.user.utc_offset,quoted_status.user.time_zone,quoted_status.user.geo_enabled,quoted_status.user.verified,quoted_status.user.statuses_count,quoted_status.user.lang,quoted_status.user.contributors_enabled,quoted_status.user.is_translator,quoted_status.user.is_translation_enabled,quoted_status.user.profile_background_color,quoted_status.user.profile_background_image_url,quoted_status.user.profile_background_image_url_https,quoted_status.user.profile_background_tile,quoted_status.user.profile_image_url,quoted_status.user.profile_image_url_https,quoted_status.user.profile_banner_url,quoted_status.user.profile_link_color,quoted_status.user.profile_sidebar_border_color,quoted_status.user.profile_sidebar_fill_color,quoted_status.user.profile_text_color,quoted_status.user.profile_use_background_image,quoted_status.user.has_extended_profile,quoted_status.user.default_profile,quoted_status.user.default_profile_image,quoted_status.user.following,quoted_status.user.follow_request_sent,quoted_status.user.notifications,quoted_status.user.translator_type,quoted_status.user.withheld_in_countries,quoted_status.geo,quoted_status.coordinates,quoted_status.place,quoted_status.contributors,quoted_status.is_quote_status,quoted_status.retweet_count,quoted_status.favorite_count,quoted_status.favorited,quoted_status.retweeted,quoted_status.lang
Wed Mar 08 02:40:13 +0000 2023,1633296532182114309,1633296532182114309,"I've always dismissed the 90s as my least favorite musical decade but these three artists are putting that to the test. I really think I was just living in the wrong country that decade. England was thriving. 

1. Sleeper
2. Saint Etienne
3. Everything But the Girl",False,"[0, 265]","<a href=""https://mobile.twitter.com"" rel=""nofollow"">Twitter Web App</a>",,,,,,,,,,False,0,6,False,False,en,en,recent,951986086221418496,951986086221418496,Velvet Rebel Music,VelvetRebel1984,,music writer. dj. photographer. west ham united.,https://t.co/KKq7GKBJh6,"[{'url': 'https://t.co/KKq7GKBJh6', 'expanded_url': 'http://www.velvetrebelmusic.com', 'display_url': 'velvetrebelmusic.com', 'indices': [0, 23]}]",[],False,1676,3087,4,Sat Jan 13 01:15:44 +0000 2018,72399,,,True,False,26486,,False,False,False,000000,http://abs.twimg.com/images/themes/theme1/bg.png,https://abs.twimg.com/images/themes/theme1/bg.png,False,http://pbs.twimg.com/profile_images/1614830362139713538/rV8eCHRL_normal.jpg,https://pbs.twimg.com/profile_images/1614830362139713538/rV8eCHRL_normal.jpg,https://pbs.twimg.com/profile_banners/951986086221418496/1662478708,ABB8C2,000000,000000,000000,False,False,False,False,False,False,False,none,[],,,,,,,,,,,,,,,,,,,,,,,,,,,,,,,,,,,,,,,,,,,,,,,,,,,,,,,,,,,,,,,,,,,,,,,
Mon Mar 06 19:28:35 +0000 2023,1632825520453820416,1632825520453820416,"Johnny Rep ğŸ‡³ğŸ‡± - AS Saint Etienne ğŸ‡«ğŸ‡·
#Ligue1legends https://t.co/PqYeYecs4F",False,"[0, 50]","<a href=""http://twitter.com/download/iphone"" rel=""nofollow"">Twitter for iPhone</a>",1.6327541843604357e+18,1632754184360435713,235375579.0,235375579,finidi007,,,,,False,0,4,False,False,en,en,recent,235375579,235375579,Stef Barendsen,finidi007,,"sports, music and movies",,,[],False,241,95,2,Sat Jan 08 01:22:34 +0000 2011,17632,,,True,False,23283,,False,False,False,C0DEED,http://abs.twimg.com/images/themes/theme1/bg.png,https://abs.twimg.com/images/themes/theme1/bg.png,False,http://pbs.twimg.com/profile_images/1441110451950026752/u9_zUmMn_normal.jpg,https://pbs.twimg.com/profile_images/1441110451950026752/u9_zUmMn_normal.jpg,https://pbs.twimg.com/profile_banners/235375579/1490732846,1DA1F2,C0DEED,DDEEF6,333333,True,False,True,False,False,False,False,none,[],False,,,,,,,,,,,,,,,,,,,,,,,,,,,,,,,,,,,,,,,,,,,,,,,,,,,,,,,,,,,,,,,,,,,,,,
Mon Mar 06 08:40:06 +0000 2023,1632662324828831744,1632662324828831744,"Historical Figures Where Your Entire Knowledge Of Them Derives From A Song About Them:   Nineties tennis champion Conchita Martinez, as celebrated in song by Saint Etienne.",False,"[0, 172]","<a href=""http://twitter.com/download/android"" rel=""nofollow"">Twitter for Android</a>",,,,,,,,,,False,1,9,False,False,en,en,recent,23579821,23579821,Tim Worthington,outonbluesix,Chigley,Writer. Occasional broadcaster. TV's 'Clangers Expert'.,https://t.co/vavpoJlNNN,"[{'url': 'https://t.co/vavpoJlNNN', 'expanded_url': 'http://timworthington.org', 'display_url': 'timworthington.org', 'indices': [0, 23]}]",[],False,7006,3015,65,Tue Mar 10 11:06:49 +0000 2009,170345,,,False,False,137696,,False,False,False,DD2E44,http://abs.twimg.com/images/themes/theme1/bg.png,https://abs.twimg.com/images/themes/theme1/bg.png,True,http://pbs.twimg.com/profile_images/1214677059559133190/pbCpHcLA_normal.jpg,https://pbs.twimg.com/profile_images/1214677059559133190/pbCpHcLA_normal.jpg,https://pbs.twimg.com/profile_banners/23579821/1401370809,DD2E44,65B0DA,7AC3EE,3D1957,True,True,False,False,False,False,False,none,[],,,,,,,,,,,,,,,,,,,,,,,,,,,,,,,,,,,,,,,,,,,,,,,,,,,,,,,,,,,,,,,,,,,,,,,
Mon Mar 06 05:18:11 +0000 2023,1632611511637266432,1632611511637266432,"Adventures in #FootballManager23 With the January database, I'm going to *retire my 15 year career at AS Saint-Ã‰tienne as FranÃ§ois Rabelais. 27 year-old Spanish manager Agathon Euripides has taken command at AFC Ajax. https://t.co/Ykb8XmNzQM",False,"[0, 217]","<a href=""http://twitter.com/download/android"" rel=""nofollow"">Twitter for Android</a>",,,,,,,,,,False,0,0,False,False,en,en,recent,1588777105248378880,1588777105248378880,Rabelais FM,RabelaisPlays,Portland-ish,"https://t.co/PlKOap5Izo 
Football Manager, Minecraft, BattleTech & more comic books than I know what to do with. #RCTID #BAONPDX",,,"[{'url': 'https://t.co/PlKOap5Izo', 'expanded_url': 'http://www.twitch.tv/rabelais', 'display_url': 'twitch.tv/rabelais', 'indices': [0, 23]}]",False,31,232,0,Sat Nov 05 06:16:21 +0000 2022,483,,,False,False,636,,False,False,False,F5F8FA,,,False,http://pbs.twimg.com/profile_images/1588937131249979393/5G5GQpJl_normal.jpg,https://pbs.twimg.com/profile_images/1588937131249979393/5G5GQpJl_normal.jpg,https://pbs.twimg.com/profile_banners/1588777105248378880/1667667061,1DA1F2,C0DEED,DDEEF6,333333,True,True,True,False,False,False,False,none,[],False,,,,,,,,,,,,,,,,,,,,,,,,,,,,,,,,,,,,,,,,,,,,,,,,,,,,,,,,,,,,,,,,,,,,,,
Sun Mar 05 19:43:12 +0000 2023,1632466811114467329,1632466811114467329,"@EmilioSansolini Geoffroy Guichard is the founder of the supermarket ""Casino"", the Guichard's familiy were owner of the AS Saint-Etienne until 1994. The club was founded by Pierre Guichard, son of Geoffroy.",False,"[17, 206]","<a href=""https://mobile.twitter.com"" rel=""nofollow"">Twitter Web App</a>",1.632117670421078e+18,1632117670421078017,3065695811.0,3065695811,EmilioSansolini,,,,,False,0,0,False,False,en,en,recent,1586265270817103874,1586265270817103874,Picard Christophe,Simon_WrightFR,,,,,[],False,9,12,0,Sat Oct 29 07:54:56 +0000 2022,18,,,False,False,2826,,False,False,False,F5F8FA,,,False,http://pbs.twimg.com/profile_images/1586267165665132544/8TmSrCHw_normal.jpg,https://pbs.twimg.com/profile_images/1586267165665132544/8TmSrCHw_normal.jpg,,1DA1F2,C0DEED,DDEEF6,333333,True,True,True,False,False,False,False,none,[],,,,,,,,,,,,,,,,,,,,,,,,,,,,,,,,,,,,,,,,,,,,,,,,,,,,,,,,,,,,,,,,,,,,,,,
Sun Mar 05 02:14:46 +0000 2023,1632202967511339008,1632202967511339008,Congratulations to the 2035-36 UEFA Champions League winners Tottenham Hotspur who defeated AS Saint-Ã‰tienne 1(7)-1(6) in penalties.,False,"[0, 132]","<a href=""http://twitter.com/download/android"" rel=""nofollow"">Twitter for Android</a>",1.6318927566700913e+18,1631892756670091264,1.588777105248379e+18,1588777105248378880,RabelaisPlays,,,,,False,0,0,False,False,en,en,recent,1588777105248378880,1588777105248378880,Rabelais FM,RabelaisPlays,Portland-ish,"https://t.co/PlKOap5Izo 
Football Manager, Minecraft, BattleTech & more comic books than I know what to do with. #RCTID #BAONPDX",,,"[{'url': 'https://t.co/PlKOap5Izo', 'expanded_url': 'http://www.twitch.tv/rabelais', 'display_url': 'twitch.tv/rabelais', 'indices': [0, 23]}]",False,31,232,0,Sat Nov 05 06:16:21 +0000 2022,483,,,False,False,636,,False,False,False,F5F8FA,,,False,http://pbs.twimg.com/profile_images/1588937131249979393/5G5GQpJl_normal.jpg,https://pbs.twimg.com/profile_images/1588937131249979393/5G5GQpJl_normal.jpg,https://pbs.twimg.com/profile_banners/1588777105248378880/1667667061,1DA1F2,C0DEED,DDEEF6,333333,True,True,True,False,False,False,False,none,[],,,,,,,,,,,,,,,,,,,,,,,,,,,,,,,,,,,,,,,,,,,,,,,,,,,,,,,,,,,,,,,,,,,,,,,
Sat Mar 04 23:15:52 +0000 2023,1632157943679336449,1632157943679336449,"The problems are: This has been done before; the camera quality is low, as if to give an classic feel, but just makes it look a bit poor quality in parts; it can at time just be close-ups of bad graffiti; it has the music of Saint Etienne. 

Still, unsexy London is so photogenic.",False,"[0, 280]","<a href=""https://mobile.twitter.com"" rel=""nofollow"">Twitter Web App</a>",1.632157135642538e+18,1632157135642537985,7.734692153743155e+17,773469215374315520,politic1983,,,,,False,0,0,False,False,en,en,recent,773469215374315520,773469215374315520,politic1983,politic1983,"London, England","Luton, with a hint of Japanese",https://t.co/RLjq67rvBt,"[{'url': 'https://t.co/RLjq67rvBt', 'expanded_url': 'http://politic1983.home.blog', 'display_url': 'politic1983.home.blog', 'indices': [0, 23]}]",[],False,234,2611,8,Wed Sep 07 10:33:26 +0000 2016,2978,,,False,False,8072,,False,False,False,F5F8FA,,,False,http://pbs.twimg.com/profile_images/773472931376750600/LiYn9Skm_normal.jpg,https://pbs.twimg.com/profile_images/773472931376750600/LiYn9Skm_normal.jpg,https://pbs.twimg.com/profile_banners/773469215374315520/1473245113,1DA1F2,C0DEED,DDEEF6,333333,True,False,True,False,False,False,False,none,[],,,,,,,,,,,,,,,,,,,,,,,,,,,,,,,,,,,,,,,,,,,,,,,,,,,,,,,,,,,,,,,,,,,,,,,
Sat Mar 04 18:00:07 +0000 2023,1632078484427227136,1632078484427227136,"The SÃ©ance with James Papademetrie and Pete Wiggs is starting now! 
Pete Wiggs is also available as one third of Saint Etienne and James Papademetrie (aka Dem, confusingly pronounced â€˜Dmâ€™) has contributed a bunch of overwritten tracts to periodicals of varying longevity and r...",False,"[0, 279]","<a href=""https://airtime.pro"" rel=""nofollow"">Airtime Pro</a>",,,,,,,,,,False,0,1,False,False,en,en,recent,1351496219730829312,1351496219730829312,Repeater Radio,Repeater_Radio,,"Disagreeably alive. 
Enquiries & pitches: radio@repeaterbooks.com",https://t.co/9ISXm08wgn,"[{'url': 'https://t.co/9ISXm08wgn', 'expanded_url': 'https://repeater-radio.com', 'display_url': 'repeater-radio.com', 'indices': [0, 23]}]",[],False,2083,1319,8,Tue Jan 19 11:47:13 +0000 2021,684,,,False,False,6074,,False,False,False,F5F8FA,,,False,http://pbs.twimg.com/profile_images/1569250267043872769/iwlrFOIJ_normal.jpg,https://pbs.twimg.com/profile_images/1569250267043872769/iwlrFOIJ_normal.jpg,https://pbs.twimg.com/profile_banners/1351496219730829312/1670966879,1DA1F2,C0DEED,DDEEF6,333333,True,True,True,False,False,False,False,none,[],,,,,,,,,,,,,,,,,,,,,,,,,,,,,,,,,,,,,,,,,,,,,,,,,,,,,,,,,,,,,,,,,,,,,,,
Sat Mar 04 16:42:22 +0000 2023,1632058916119904257,1632058916119904257,"Had this as an ear worm today. Coolest band Saint Etienne

Marble Lions https://t.co/vIhgaI4JFZ via @YouTube",False,"[0, 108]","<a href=""http://twitter.com/download/iphone"" rel=""nofollow"">Twitter for iPhone</a>",,,,,,,,,,False,0,0,False,False,en,en,recent,150221467,150221467,ğŸºWheresthabin? ğŸ»,brayster1972,i am where i am,Tha can allus take the man out of Yorkshireâ€¦.All views are my own.,,,[],False,160,726,0,Mon May 31 11:42:28 +0000 2010,2093,,,False,False,8660,,False,False,False,C0DEED,http://abs.twimg.com/images/themes/theme1/bg.png,https://abs.twimg.com/images/themes/theme1/bg.png,False,http://pbs.twimg.com/profile_images/1489653682622939145/CEtuZE2g_normal.jpg,https://pbs.twimg.com/profile_images/1489653682622939145/CEtuZE2g_normal.jpg,https://pbs.twimg.com/profile_banners/150221467/1630610397,1DA1F2,C0DEED,DDEEF6,333333,True,True,True,False,False,False,False,none,[],True,,,,,,,,,,,,,,,,,,,,,,,,,,,,,,,,,,,,,,,,,,,,,,,,,,,,,,,,,,,,,,,,,,,,,,
Sat Mar 04 06:54:05 +0000 2023,1631910869377470466,1631910869377470466,"""...descendants, Richard de Carrouges, served as a pledge in a judicial duel, swearing to fight in the principal's place if he failed to appear for battle. Jean III's eldest son, Jean IV, was a born warrior. His warlike visage once stared from the wall of Saint-Ã‰tienne abbey...""",False,"[0, 279]","<a href=""https://mobile.twitter.com"" rel=""nofollow"">Twitter Web App</a>",1.6319103511878943e+18,1631910351187894273,3246288959.0,3246288959,acagoldsmith,,,,,False,0,1,False,False,en,en,recent,3246288959,3246288959,"Amber Goldsmith (autistic, she/they) ğŸ³ï¸â€ğŸŒˆ ğŸ€",acagoldsmith,"Fort Myers, FL","31. Quora Author with 3 million+ views, writer, social media manager, and r/FanTheories mod (1.4 million+ members). Obversa on Reddit. Certified horse girl.",https://t.co/pXLR0yn2un,"[{'url': 'https://t.co/pXLR0yn2un', 'expanded_url': 'https://www.quora.com/profile/Amber-Goldsmith', 'display_url': 'quora.com/profile/Amber-â€¦', 'indices': [0, 23]}]",[],False,2380,3965,18,Mon May 11 13:39:47 +0000 2015,340398,,,True,False,117678,,False,False,False,C0DEED,http://abs.twimg.com/images/themes/theme1/bg.png,https://abs.twimg.com/images/themes/theme1/bg.png,False,http://pbs.twimg.com/profile_images/1521908880971816960/3T6YNlRR_normal.jpg,https://pbs.twimg.com/profile_images/1521908880971816960/3T6YNlRR_normal.jpg,https://pbs.twimg.com/profile_banners/3246288959/1651686421,1DA1F2,C0DEED,DDEEF6,333333,True,True,True,False,False,False,False,none,[],,,,,,,,,,,,,,,,,,,,,,,,,,,,,,,,,,,,,,,,,,,,,,,,,,,,,,,,,,,,,,,,,,,,,,,
Sat Mar 04 04:49:04 +0000 2023,1631879410013044736,1631879410013044736,"AS Saint-Ã‰tienne overcame their 1 goal deficit, and then scored twice more to defeat hosts Real Madrid 3-nil on the night, 3-1 on aggregate at Estadio Santiago BernabÃ©u. Les Verts face Tottenham Hotspur in the 2035-36 Champions League final on May 30.",False,"[0, 251]","<a href=""http://twitter.com/download/android"" rel=""nofollow"">Twitter for Android</a>",1.6318354434981888e+18,1631835443498188802,1.588777105248379e+18,1588777105248378880,RabelaisPlays,,,,,False,0,0,False,False,en,en,recent,1588777105248378880,1588777105248378880,Rabelais FM,RabelaisPlays,Portland-ish,"https://t.co/PlKOap5Izo 
Football Manager, Minecraft, BattleTech & more comic books than I know what to do with. #RCTID #BAONPDX",,,"[{'url': 'https://t.co/PlKOap5Izo', 'expanded_url': 'http://www.twitch.tv/rabelais', 'display_url': 'twitch.tv/rabelais', 'indices': [0, 23]}]",False,31,232,0,Sat Nov 05 06:16:21 +0000 2022,483,,,False,False,636,,False,False,False,F5F8FA,,,False,http://pbs.twimg.com/profile_images/1588937131249979393/5G5GQpJl_normal.jpg,https://pbs.twimg.com/profile_images/1588937131249979393/5G5GQpJl_normal.jpg,https://pbs.twimg.com/profile_banners/1588777105248378880/1667667061,1DA1F2,C0DEED,DDEEF6,333333,True,True,True,False,False,False,False,none,[],,,,,,,,,,,,,,,,,,,,,,,,,,,,,,,,,,,,,,,,,,,,,,,,,,,,,,,,,,,,,,,,,,,,,,,
Sat Mar 04 01:54:22 +0000 2023,1631835443498188802,1631835443498188802,Real Madrid defeated AS Saint-Ã‰tienne 1-nil in the first leg of the UCL demi finale at FranÃ§ois Rabelais Park on Wednesday. Eduardo Camavinga scored the game's only goal in the 15th minute off of a Niklas Hedl miscue.,False,"[0, 217]","<a href=""http://twitter.com/download/android"" rel=""nofollow"">Twitter for Android</a>",1.631535982452564e+18,1631535982452563968,1.588777105248379e+18,1588777105248378880,RabelaisPlays,,,,,False,0,1,False,False,en,en,recent,1588777105248378880,1588777105248378880,Rabelais FM,RabelaisPlays,Portland-ish,"https://t.co/PlKOap5Izo 
Football Manager, Minecraft, BattleTech & more comic books than I know what to do with. #RCTID #BAONPDX",,,"[{'url': 'https://t.co/PlKOap5Izo', 'expanded_url': 'http://www.twitch.tv/rabelais', 'display_url': 'twitch.tv/rabelais', 'indices': [0, 23]}]",False,31,232,0,Sat Nov 05 06:16:21 +0000 2022,483,,,False,False,636,,False,False,False,F5F8FA,,,False,http://pbs.twimg.com/profile_images/1588937131249979393/5G5GQpJl_normal.jpg,https://pbs.twimg.com/profile_images/1588937131249979393/5G5GQpJl_normal.jpg,https://pbs.twimg.com/profile_banners/1588777105248378880/1667667061,1DA1F2,C0DEED,DDEEF6,333333,True,True,True,False,False,False,False,none,[],,,,,,,,,,,,,,,,,,,,,,,,,,,,,,,,,,,,,,,,,,,,,,,,,,,,,,,,,,,,,,,,,,,,,,,
Fri Mar 03 06:04:25 +0000 2023,1631535982452563968,1631535982452563968,"Manchester City hosted AS Saint-Ã‰tienne in the home leg of their UCL quarterfinal needing a miracle to overcome their disastrous 0-4 visit to FranÃ§ois Rabelais Park. Les Verts smothered the match, defeating City 4-1 on aggregate. ASSE face Real Madrid at home in the semi final",False,"[0, 277]","<a href=""http://twitter.com/download/android"" rel=""nofollow"">Twitter for Android</a>",1.6314852327666688e+18,1631485232766668800,1.588777105248379e+18,1588777105248378880,RabelaisPlays,,,,,False,0,0,False,False,en,en,recent,1588777105248378880,1588777105248378880,Rabelais FM,RabelaisPlays,Portland-ish,"https://t.co/PlKOap5Izo 
Football Manager, Minecraft, BattleTech & more comic books than I know what to do with. #RCTID #BAONPDX",,,"[{'url': 'https://t.co/PlKOap5Izo', 'expanded_url': 'http://www.twitch.tv/rabelais', 'display_url': 'twitch.tv/rabelais', 'indices': [0, 23]}]",False,31,232,0,Sat Nov 05 06:16:21 +0000 2022,483,,,False,False,636,,False,False,False,F5F8FA,,,False,http://pbs.twimg.com/profile_images/1588937131249979393/5G5GQpJl_normal.jpg,https://pbs.twimg.com/profile_images/1588937131249979393/5G5GQpJl_normal.jpg,https://pbs.twimg.com/profile_banners/1588777105248378880/1667667061,1DA1F2,C0DEED,DDEEF6,333333,True,True,True,False,False,False,False,none,[],,,,,,,,,,,,,,,,,,,,,,,,,,,,,,,,,,,,,,,,,,,,,,,,,,,,,,,,,,,,,,,,,,,,,,,
Fri Mar 03 02:42:45 +0000 2023,1631485232766668800,1631485232766668800,AS Saint-Ã‰tienne defeated Barcelona 2-nil (5-1 agg) to move into the UCL quarterfinal. Edey Bethencourt scored in the 10th minute on a header from a set piece. Paul Coulson tied a bow on the night with a powerful 20 meter strike from just outside the box in the 17th minute.,False,"[0, 274]","<a href=""http://twitter.com/download/android"" rel=""nofollow"">Twitter for Android</a>",1.6314527946444882e+18,1631452794644488192,1.588777105248379e+18,1588777105248378880,RabelaisPlays,,,,,False,0,1,False,False,en,en,recent,1588777105248378880,1588777105248378880,Rabelais FM,RabelaisPlays,Portland-ish,"https://t.co/PlKOap5Izo 
Football Manager, Minecraft, BattleTech & more comic books than I know what to do with. #RCTID #BAONPDX",,,"[{'url': 'https://t.co/PlKOap5Izo', 'expanded_url': 'http://www.twitch.tv/rabelais', 'display_url': 'twitch.tv/rabelais', 'indices': [0, 23]}]",False,31,232,0,Sat Nov 05 06:16:21 +0000 2022,483,,,False,False,636,,False,False,False,F5F8FA,,,False,http://pbs.twimg.com/profile_images/1588937131249979393/5G5GQpJl_normal.jpg,https://pbs.twimg.com/profile_images/1588937131249979393/5G5GQpJl_normal.jpg,https://pbs.twimg.com/profile_banners/1588777105248378880/1667667061,1DA1F2,C0DEED,DDEEF6,333333,True,True,True,False,False,False,False,none,[],,,,,,,,,,,,,,,,,,,,,,,,,,,,,,,,,,,,,,,,,,,,,,,,,,,,,,,,,,,,,,,,,,,,,,,
Fri Mar 03 00:33:51 +0000 2023,1631452794644488192,1631452794644488192,"More than 98,000 are expected at Camp Nou for Wednesday's Champions League 1st leg duel between Barcelona and defending UEFA Champions League titlists AS Saint-Ã‰tienne.",False,"[0, 168]","<a href=""http://twitter.com/download/android"" rel=""nofollow"">Twitter for Android</a>",1.6314191781158257e+18,1631419178115825664,1.588777105248379e+18,1588777105248378880,RabelaisPlays,,,,,False,0,0,False,False,en,en,recent,1588777105248378880,1588777105248378880,Rabelais FM,RabelaisPlays,Portland-ish,"https://t.co/PlKOap5Izo 
Football Manager, Minecraft, BattleTech & more comic books than I know what to do with. #RCTID #BAONPDX",,,"[{'url': 'https://t.co/PlKOap5Izo', 'expanded_url': 'http://www.twitch.tv/rabelais', 'display_url': 'twitch.tv/rabelais', 'indices': [0, 23]}]",False,31,232,0,Sat Nov 05 06:16:21 +0000 2022,483,,,False,False,636,,False,False,False,F5F8FA,,,False,http://pbs.twimg.com/profile_images/1588937131249979393/5G5GQpJl_normal.jpg,https://pbs.twimg.com/profile_images/1588937131249979393/5G5GQpJl_normal.jpg,https://pbs.twimg.com/profile_banners/1588777105248378880/1667667061,1DA1F2,C0DEED,DDEEF6,333333,True,True,True,False,False,False,False,none,[],,,,,,,,,,,,,,,,,,,,,,,,,,,,,,,,,,,,,,,,,,,,,,,,,,,,,,,,,,,,,,,,,,,,,,,
Thu Mar 02 22:20:17 +0000 2023,1631419178115825664,1631419178115825664,"AS Saint-Ã‰tienne fielded a fully rotated squad, in preparation for their midweek Champions League visit to Barcelona. Wonderkid 19 year-old Romanian international Aurel Giuroiu scored a first half hat trick as Les Verts cruised past relegation candidates Toulouse FC 7-3.",False,"[0, 271]","<a href=""http://twitter.com/download/android"" rel=""nofollow"">Twitter for Android</a>",1.6308000437364613e+18,1630800043736461312,1.588777105248379e+18,1588777105248378880,RabelaisPlays,,,,,False,0,0,False,False,en,en,recent,1588777105248378880,1588777105248378880,Rabelais FM,RabelaisPlays,Portland-ish,"https://t.co/PlKOap5Izo 
Football Manager, Minecraft, BattleTech & more comic books than I know what to do with. #RCTID #BAONPDX",,,"[{'url': 'https://t.co/PlKOap5Izo', 'expanded_url': 'http://www.twitch.tv/rabelais', 'display_url': 'twitch.tv/rabelais', 'indices': [0, 23]}]",False,31,232,0,Sat Nov 05 06:16:21 +0000 2022,483,,,False,False,636,,False,False,False,F5F8FA,,,False,http://pbs.twimg.com/profile_images/1588937131249979393/5G5GQpJl_normal.jpg,https://pbs.twimg.com/profile_images/1588937131249979393/5G5GQpJl_normal.jpg,https://pbs.twimg.com/profile_banners/1588777105248378880/1667667061,1DA1F2,C0DEED,DDEEF6,333333,True,True,True,False,False,False,False,none,[],,,,,,,,,,,,,,,,,,,,,,,,,,,,,,,,,,,,,,,,,,,,,,,,,,,,,,,,,,,,,,,,,,,,,,,
Thu Mar 02 15:17:47 +0000 2023,1631312854035886086,1631312854035886086,@OmarBoutari @F4STFATI @ReshadRahman_ Itâ€™s irrelevant cuz first of all he doesnâ€™t like Varca and second yâ€™all broke asf. Same as saying Mbappeâ€™s family are Saint-Etienne fans but he prefers PSG.,False,"[38, 194]","<a href=""http://twitter.com/download/iphone"" rel=""nofollow"">Twitter for iPhone</a>",1.631302411779203e+18,1631302411779203073,394149385.0,394149385,OmarBoutari,,,,,False,0,0,False,False,en,en,recent,302659458,302659458,~M e s s i m o IL PREDESTINATOğŸ‘‘ğŸ‡®ğŸ‡¹,Messimo1O,,Bodybuilder ğŸ‹ğŸ¼â€â™‚ï¸- MY LOVES: Inter ğŸ–¤ğŸ’™ Scuderia Ferrari ğŸ”´ğŸŸ¡ // ğŸ‡®ğŸ‡¹â€˜34ğŸ†â€™38ğŸ†â€™82ğŸ†â€™06ğŸ†,,,[],False,96,126,0,Sat May 21 15:07:29 +0000 2011,958,,,False,False,7235,,False,False,False,C0DEED,http://abs.twimg.com/images/themes/theme1/bg.png,https://abs.twimg.com/images/themes/theme1/bg.png,False,http://pbs.twimg.com/profile_images/1516136245327446018/rdRA1wKz_normal.jpg,https://pbs.twimg.com/profile_images/1516136245327446018/rdRA1wKz_normal.jpg,https://pbs.twimg.com/profile_banners/302659458/1628042736,1DA1F2,C0DEED,DDEEF6,333333,True,False,True,False,False,False,False,none,[],,,,,,,,,,,,,,,,,,,,,,,,,,,,,,,,,,,,,,,,,,,,,,,,,,,,,,,,,,,,,,,,,,,,,,,
Thu Mar 02 14:06:04 +0000 2023,1631294804674969602,1631294804674969602,"Robert Knox's views on humanity gradually shifted over the course of his lifetime, as his initially positive views (influenced by the ideals ofÂ Ã‰tienne Geoffroy Saint-Hilaire) gave way to a more pessimistic view. https://t.co/3IV4UKpgn6",False,"[0, 212]","<a href=""http://twitter.com/download/android"" rel=""nofollow"">Twitter for Android</a>",,,,,,,,,,False,0,0,False,False,en,en,recent,1582413028380770304,1582413028380770304,Vira Armstrong,ViraArmstrong,,,,,[],False,26,232,0,Tue Oct 18 16:48:25 +0000 2022,521,,,False,False,21572,,False,False,False,F5F8FA,,,False,http://pbs.twimg.com/profile_images/1582413303434854401/YTzl4-sG_normal.png,https://pbs.twimg.com/profile_images/1582413303434854401/YTzl4-sG_normal.png,,1DA1F2,C0DEED,DDEEF6,333333,True,True,True,False,False,False,False,none,[],False,,,,,,,,,,,,,,,,,,,,,,,,,,,,,,,,,,,,,,,,,,,,,,,,,,,,,,,,,,,,,,,,,,,,,,
Wed Mar 01 12:55:53 +0000 2023,1630914756721737729,1630914756721737729,"Favourite team from each country 
ğŸ´ó §ó ¢ó ¥ó ®ó §ó ¿ :Manchester United 
ğŸ‡ªğŸ‡¸ : Real Sociedad
ğŸ‡®ğŸ‡¹ : AS Roma
ğŸ‡«ğŸ‡· : Saint Etienne 
ğŸ‡©ğŸ‡ª : Union Berlin
ğŸ‡³ğŸ‡± : AZ Alkmaar
ğŸ‡µğŸ‡¹ : Benfica https://t.co/3BAAI5o0kw",False,"[0, 160]","<a href=""http://twitter.com/download/iphone"" rel=""nofollow"">Twitter for iPhone</a>",,,,,,,,,,True,0,0,False,False,en,en,recent,599523519,599523519,Kofski,joshiskofski,Accra,"Create, they will come. A growing Singer/Rapper/Songwriter ğŸ¶â¤ï¸ACTOR, DIRECTOR, YOUTUBER. #MUFC ğŸ”¥ ğŸ‡¬ğŸ‡­",https://t.co/s6TqkfIbwH,"[{'url': 'https://t.co/s6TqkfIbwH', 'expanded_url': 'https://fanlink.to/iv3b', 'display_url': 'fanlink.to/iv3b', 'indices': [0, 23]}]",[],False,1534,2156,6,Mon Jun 04 18:07:16 +0000 2012,16834,,,True,False,55886,,False,False,False,EBEBEB,http://abs.twimg.com/images/themes/theme7/bg.gif,https://abs.twimg.com/images/themes/theme7/bg.gif,True,http://pbs.twimg.com/profile_images/1598367922203889664/3enzbfw4_normal.jpg,https://pbs.twimg.com/profile_images/1598367922203889664/3enzbfw4_normal.jpg,,990000,FFFFFF,F3F3F3,333333,True,True,False,False,False,False,False,none,[],True,1.6306087524276388e+18,1630608752427638790,Tue Feb 28 16:39:56 +0000 2023,1.6306087524276388e+18,1630608752427638790,"Favourite team from each country 
ğŸ´ó §ó ¢ó ¥ó ®ó §ó ¿ :
ğŸ‡ªğŸ‡¸ :
ğŸ‡®ğŸ‡¹ :
ğŸ‡«ğŸ‡· :
ğŸ‡©ğŸ‡ª :
ğŸ‡³ğŸ‡± :
ğŸ‡µğŸ‡¹ :",False,"[0, 73]",en,recent,"<a href=""http://twitter.com/download/iphone"" rel=""nofollow"">Twitter for iPhone</a>",,,,,,1.303026765737218e+18,1303026765737218049,george,StokeyyG2,send me tweets to nab,ğŸ“© My Business Email: stokeyenquiries@gmail.com | drop my second account a follow! @StokeyyFC,https://t.co/I1D0FXgaYN,"[{'url': 'https://t.co/I1D0FXgaYN', 'expanded_url': 'https://linktr.ee/stokeyyg2', 'display_url': 'linktr.ee/stokeyyg2', 'indices': [0, 23]}]",[],False,331430.0,3802.0,530.0,Mon Sep 07 17:46:15 +0000 2020,73184.0,,,True,False,50294.0,,False,False,False,F5F8FA,,,False,http://pbs.twimg.com/profile_images/1565722268738748416/4FWACDQs_normal.jpg,https://pbs.twimg.com/profile_images/1565722268738748416/4FWACDQs_normal.jpg,https://pbs.twimg.com/profile_banners/1303026765737218049/1653306587,1DA1F2,C0DEED,DDEEF6,333333,True,True,True,False,False,False,False,none,[],,,,,False,298.0,17005.0,False,False,en
Wed Mar 01 08:16:26 +0000 2023,1630844430411354117,1630844430411354117,"Favourite team from each country 
ğŸ´ó §ó ¢ó ¥ó ®ó §ó ¿ : Arsenal
ğŸ‡ªğŸ‡¸ : Real Madrid
ğŸ‡®ğŸ‡¹ : AS Roma
ğŸ‡«ğŸ‡· : Saint-Ã‰tienne
ğŸ‡©ğŸ‡ª : Dortmund
ğŸ‡³ğŸ‡± : Ajax 
ğŸ‡µğŸ‡¹ : Sporting https://t.co/7dPE9R20Lp",False,"[0, 139]","<a href=""http://twitter.com/download/iphone"" rel=""nofollow"">Twitter for iPhone</a>",,,,,,,,,,True,0,0,False,False,en,en,recent,754748903971549185,754748903971549185,FrÃ¡guasğŸª,yourbitchsuckme,,"I only love my bed and my mama, i'm sorry ğŸ¤·ğŸ»â€â™‚ï¸",,,[],False,602,469,0,Sun Jul 17 18:45:36 +0000 2016,20672,,,False,False,28186,,False,False,False,F5F8FA,,,False,http://pbs.twimg.com/profile_images/1595583904257347585/imEGr_12_normal.jpg,https://pbs.twimg.com/profile_images/1595583904257347585/imEGr_12_normal.jpg,https://pbs.twimg.com/profile_banners/754748903971549185/1537116136,1DA1F2,C0DEED,DDEEF6,333333,True,True,True,False,False,False,False,none,[],False,1.6306087524276388e+18,1630608752427638790,Tue Feb 28 16:39:56 +0000 2023,1.6306087524276388e+18,1630608752427638790,"Favourite team from each country 
ğŸ´ó §ó ¢ó ¥ó ®ó §ó ¿ :
ğŸ‡ªğŸ‡¸ :
ğŸ‡®ğŸ‡¹ :
ğŸ‡«ğŸ‡· :
ğŸ‡©ğŸ‡ª :
ğŸ‡³ğŸ‡± :
ğŸ‡µğŸ‡¹ :",False,"[0, 73]",en,recent,"<a href=""http://twitter.com/download/iphone"" rel=""nofollow"">Twitter for iPhone</a>",,,,,,1.303026765737218e+18,1303026765737218049,george,StokeyyG2,send me tweets to nab,ğŸ“© My Business Email: stokeyenquiries@gmail.com | drop my second account a follow! @StokeyyFC,https://t.co/I1D0FXgaYN,"[{'url': 'https://t.co/I1D0FXgaYN', 'expanded_url': 'https://linktr.ee/stokeyyg2', 'display_url': 'linktr.ee/stokeyyg2', 'indices': [0, 23]}]",[],False,331430.0,3802.0,530.0,Mon Sep 07 17:46:15 +0000 2020,73184.0,,,True,False,50294.0,,False,False,False,F5F8FA,,,False,http://pbs.twimg.com/profile_images/1565722268738748416/4FWACDQs_normal.jpg,https://pbs.twimg.com/profile_images/1565722268738748416/4FWACDQs_normal.jpg,https://pbs.twimg.com/profile_banners/1303026765737218049/1653306587,1DA1F2,C0DEED,DDEEF6,333333,True,True,True,False,False,False,False,none,[],,,,,False,298.0,17005.0,False,False,en
Wed Mar 01 05:20:03 +0000 2023,1630800043736461312,1630800043736461312,Coupe de France quart de finale. AS Saint-Ã‰tienne defeated PSG 4-1 in what may be the defacto final. Les Verts dominated from the first kick. 27 year-old decisive fullback Osman BÃ¼yÅ«k put in a MotM performance with a goal and an assist. ASSE will face Bordeaux in the demi finale.,False,"[0, 280]","<a href=""http://twitter.com/download/android"" rel=""nofollow"">Twitter for Android</a>",1.6300206010239795e+18,1630020601023979520,1.588777105248379e+18,1588777105248378880,RabelaisPlays,,,,,False,0,0,False,False,en,en,recent,1588777105248378880,1588777105248378880,Rabelais FM,RabelaisPlays,Portland-ish,"https://t.co/PlKOap5Izo 
Football Manager, Minecraft, BattleTech & more comic books than I know what to do with. #RCTID #BAONPDX",,,"[{'url': 'https://t.co/PlKOap5Izo', 'expanded_url': 'http://www.twitch.tv/rabelais', 'display_url': 'twitch.tv/rabelais', 'indices': [0, 23]}]",False,31,232,0,Sat Nov 05 06:16:21 +0000 2022,483,,,False,False,636,,False,False,False,F5F8FA,,,False,http://pbs.twimg.com/profile_images/1588937131249979393/5G5GQpJl_normal.jpg,https://pbs.twimg.com/profile_images/1588937131249979393/5G5GQpJl_normal.jpg,https://pbs.twimg.com/profile_banners/1588777105248378880/1667667061,1DA1F2,C0DEED,DDEEF6,333333,True,True,True,False,False,False,False,none,[],,,,,,,,,,,,,,,,,,,,,,,,,,,,,,,,,,,,,,,,,,,,,,,,,,,,,,,,,,,,,,,,,,,,,,,
Tue Feb 28 23:52:11 +0000 2023,1630717532205207556,1630717532205207556,"Known as the City of Design, Saint-Ã‰tienne is known for its creativity and modern architecture. Read more about this place, here.

https://t.co/c0olxFxKjX",False,"[0, 154]","<a href=""https://www.blog2social.com"" rel=""nofollow"">Blog2Social APP</a>",,,,,,,,,,False,0,0,False,False,en,en,recent,257170987,257170987,Go World Travel Magazine,GoWorldMagazine,"Westminster, CO","For #travelers, adventures, explorers and nomads. Your #travel inspiration from around the world. #wanderlust #traveltheworld https://t.co/31GXxPPadO",http://t.co/b8qVvv7p6L,"[{'url': 'http://t.co/b8qVvv7p6L', 'expanded_url': 'http://www.goworldtravel.com', 'display_url': 'goworldtravel.com', 'indices': [0, 22]}]","[{'url': 'https://t.co/31GXxPPadO', 'expanded_url': 'https://www.GoWorldTravel.com', 'display_url': 'GoWorldTravel.com', 'indices': [126, 149]}]",False,3446,4094,209,Thu Feb 24 21:54:42 +0000 2011,484,,,False,False,5548,,False,False,False,C0DEED,http://abs.twimg.com/images/themes/theme1/bg.png,https://abs.twimg.com/images/themes/theme1/bg.png,False,http://pbs.twimg.com/profile_images/1276270624491667459/I9XOc9h7_normal.jpg,https://pbs.twimg.com/profile_images/1276270624491667459/I9XOc9h7_normal.jpg,https://pbs.twimg.com/profile_banners/257170987/1582233038,0084B4,C0DEED,DDEEF6,333333,True,False,False,False,False,False,False,none,[],False,,,,,,,,,,,,,,,,,,,,,,,,,,,,,,,,,,,,,,,,,,,,,,,,,,,,,,,,,,,,,,,,,,,,,,
Tue Feb 28 21:07:07 +0000 2023,1630675990870478849,1630675990870478849,"@StokeyyG2 Not any english team
Not any spanish club
ğŸ‡®ğŸ‡¹ : fiorentina
ğŸ‡«ğŸ‡· : AS Saint-Ã‰tienne
ğŸ‡©ğŸ‡ª : Union Berlin
Not any netherlands club
Not any portugese club
ğŸ´ó §ó ¢ó ³ó £ó ´ó ¿ : Celtics Glasgow
ğŸ‡²ğŸ‡© : $herrifs
ğŸ‡·ğŸ‡º : Zenith Saint-Petersbourg",False,"[11, 226]","<a href=""http://twitter.com/download/iphone"" rel=""nofollow"">Twitter for iPhone</a>",1.6306087524276388e+18,1630608752427638790,1.303026765737218e+18,1303026765737218049,StokeyyG2,,,,,False,0,1,False,False,en,en,recent,1600941704009453568,1600941704009453568,Juynru ğŸ‡«ğŸ‡·,JJuynru,"Saint-Etienne, France",,,,[],False,11,157,0,Thu Dec 08 19:54:14 +0000 2022,3691,,,False,False,558,,False,False,False,F5F8FA,,,False,http://pbs.twimg.com/profile_images/1600942702882918401/p3rgxgKv_normal.jpg,https://pbs.twimg.com/profile_images/1600942702882918401/p3rgxgKv_normal.jpg,,1DA1F2,C0DEED,DDEEF6,333333,True,True,True,False,False,False,False,none,[],,,,,,,,,,,,,,,,,,,,,,,,,,,,,,,,,,,,,,,,,,,,,,,,,,,,,,,,,,,,,,,,,,,,,,,
Tue Feb 28 20:38:09 +0000 2023,1630668699664277505,1630668699664277505,@Emzyl_ AS Saint-Ã‰tienne are massive too though they are in League 2 at the moment,False,"[8, 82]","<a href=""http://twitter.com/download/iphone"" rel=""nofollow"">Twitter for iPhone</a>",1.63066746337638e+18,1630667463376379923,1.5121385859060736e+18,1512138585906073610,Emzyl_,,,,,False,0,0,False,False,en,en,recent,1191288486978035714,1191288486978035714,Tricky ğŸ“ğŸ”´,Tricky_Jzus,,Nketiah dialed Gabriel Jesus received ğŸ“ .,,,[],False,814,1213,2,Mon Nov 04 09:38:10 +0000 2019,3690,,,False,False,2481,,False,False,False,F5F8FA,,,False,http://pbs.twimg.com/profile_images/1549359846172008449/f6Kz5mbX_normal.jpg,https://pbs.twimg.com/profile_images/1549359846172008449/f6Kz5mbX_normal.jpg,https://pbs.twimg.com/profile_banners/1191288486978035714/1658140342,1DA1F2,C0DEED,DDEEF6,333333,True,True,True,False,False,False,False,none,[],,,,,,,,,,,,,,,,,,,,,,,,,,,,,,,,,,,,,,,,,,,,,,,,,,,,,,,,,,,,,,,,,,,,,,,
Tue Feb 28 20:08:30 +0000 2023,1630661239096352785,1630661239096352785,"Favourite team from each country 
ğŸ´ó §ó ¢ó ¥ó ®ó §ó ¿ : Chelsea FC
ğŸ‡ªğŸ‡¸ : FC Barcelona
ğŸ‡®ğŸ‡¹ : AC Milan
ğŸ‡«ğŸ‡· : AS Saint-Etienne 
ğŸ‡©ğŸ‡ª : FC Bayern Munich
ğŸ‡³ğŸ‡± : Ajax FC
ğŸ‡µğŸ‡¹ : CF Benfica Lisboa https://t.co/cbXmogu0Ou",False,"[0, 167]","<a href=""http://twitter.com/download/android"" rel=""nofollow"">Twitter for Android</a>",,,,,,,,,,True,0,1,False,False,en,en,recent,1258503207262851072,1258503207262851072,Mxth ğŸ‡«ğŸ‡·ğŸ‡¨ğŸ‡­,mxthfrch,SaintÃ© LDC,"@EYFJeSports | 18yo | ğŸ‡«ğŸ‡· ğŸ‡¨ğŸ‡­ | â¶â‚†â· | @ZatrixxFN | 

https://t.co/eRpJdRqCFJ",https://t.co/aSIZZw3OjN,"[{'url': 'https://t.co/aSIZZw3OjN', 'expanded_url': 'https://konect.gg/mxth', 'display_url': 'konect.gg/mxth', 'indices': [0, 23]}]","[{'url': 'https://t.co/eRpJdRqCFJ', 'expanded_url': 'http://behance.net/mxthfrch', 'display_url': 'behance.net/mxthfrch', 'indices': [51, 74]}]",False,133,110,0,Thu May 07 21:05:46 +0000 2020,43384,,,True,False,4695,,False,False,False,F5F8FA,,,False,http://pbs.twimg.com/profile_images/1630288269513482240/z3cbXuJA_normal.jpg,https://pbs.twimg.com/profile_images/1630288269513482240/z3cbXuJA_normal.jpg,https://pbs.twimg.com/profile_banners/1258503207262851072/1677755449,1DA1F2,C0DEED,DDEEF6,333333,True,True,True,False,False,False,False,none,[],False,1.6306087524276388e+18,1630608752427638790,Tue Feb 28 16:39:56 +0000 2023,1.6306087524276388e+18,1630608752427638790,"Favourite team from each country 
ğŸ´ó §ó ¢ó ¥ó ®ó §ó ¿ :
ğŸ‡ªğŸ‡¸ :
ğŸ‡®ğŸ‡¹ :
ğŸ‡«ğŸ‡· :
ğŸ‡©ğŸ‡ª :
ğŸ‡³ğŸ‡± :
ğŸ‡µğŸ‡¹ :",False,"[0, 73]",en,recent,"<a href=""http://twitter.com/download/iphone"" rel=""nofollow"">Twitter for iPhone</a>",,,,,,1.303026765737218e+18,1303026765737218049,george,StokeyyG2,send me tweets to nab,ğŸ“© My Business Email: stokeyenquiries@gmail.com | drop my second account a follow! @StokeyyFC,https://t.co/I1D0FXgaYN,"[{'url': 'https://t.co/I1D0FXgaYN', 'expanded_url': 'https://linktr.ee/stokeyyg2', 'display_url': 'linktr.ee/stokeyyg2', 'indices': [0, 23]}]",[],False,331430.0,3802.0,530.0,Mon Sep 07 17:46:15 +0000 2020,73184.0,,,True,False,50294.0,,False,False,False,F5F8FA,,,False,http://pbs.twimg.com/profile_images/1565722268738748416/4FWACDQs_normal.jpg,https://pbs.twimg.com/profile_images/1565722268738748416/4FWACDQs_normal.jpg,https://pbs.twimg.com/profile_banners/1303026765737218049/1653306587,1DA1F2,C0DEED,DDEEF6,333333,True,True,True,False,False,False,False,none,[],,,,,False,298.0,17005.0,False,False,en
Tue Feb 28 17:09:28 +0000 2023,1630616186319777793,1630616186319777793,"ğŸ´ó §ó ¢ó ¥ó ®ó §ó ¿ : Manchester United
ğŸ‡ªğŸ‡¸ : Malaga CF
ğŸ‡®ğŸ‡¹ : Venezia
ğŸ‡«ğŸ‡· : AS Saint-Etienne
ğŸ‡©ğŸ‡ª : FC St. Pauli
ğŸ‡³ğŸ‡± : Ajax
ğŸ‡µğŸ‡¹ : Sporting CP

Hate me all you want, these are my opinion https://t.co/KXT99cL7WT",False,"[0, 166]","<a href=""http://twitter.com/download/iphone"" rel=""nofollow"">Twitter for iPhone</a>",,,,,,,,,,True,0,1,False,False,en,en,recent,945362537561968640,945362537561968640,Klee-ba,Khiba023,Switzerland,"Manager ğŸ”, @BlueJays, @MiamiDolphins & @Raptors fan âš¾ï¸ğŸˆğŸ€, Been sober since Jan 14th, OW2 3.6k peak, 2B for ZHBC",https://t.co/G7sxdF4hA7,"[{'url': 'https://t.co/G7sxdF4hA7', 'expanded_url': 'https://media.discordapp.net/attachments/457286916329701376/1009407850847686756/SPOILER_unknown.png', 'display_url': 'media.discordapp.net/attachments/45â€¦', 'indices': [0, 23]}]",[],False,67,386,2,Mon Dec 25 18:36:07 +0000 2017,22230,,,True,False,11474,,False,False,False,F5F8FA,,,False,http://pbs.twimg.com/profile_images/1629766215303409665/c940ZiCG_normal.jpg,https://pbs.twimg.com/profile_images/1629766215303409665/c940ZiCG_normal.jpg,https://pbs.twimg.com/profile_banners/945362537561968640/1678029244,1DA1F2,C0DEED,DDEEF6,333333,True,True,True,False,False,False,False,none,[],False,1.6306087524276388e+18,1630608752427638790,Tue Feb 28 16:39:56 +0000 2023,1.6306087524276388e+18,1630608752427638790,"Favourite team from each country 
ğŸ´ó §ó ¢ó ¥ó ®ó §ó ¿ :
ğŸ‡ªğŸ‡¸ :
ğŸ‡®ğŸ‡¹ :
ğŸ‡«ğŸ‡· :
ğŸ‡©ğŸ‡ª :
ğŸ‡³ğŸ‡± :
ğŸ‡µğŸ‡¹ :",False,"[0, 73]",en,recent,"<a href=""http://twitter.com/download/iphone"" rel=""nofollow"">Twitter for iPhone</a>",,,,,,1.303026765737218e+18,1303026765737218049,george,StokeyyG2,send me tweets to nab,ğŸ“© My Business Email: stokeyenquiries@gmail.com | drop my second account a follow! @StokeyyFC,https://t.co/I1D0FXgaYN,"[{'url': 'https://t.co/I1D0FXgaYN', 'expanded_url': 'https://linktr.ee/stokeyyg2', 'display_url': 'linktr.ee/stokeyyg2', 'indices': [0, 23]}]",[],False,331430.0,3802.0,530.0,Mon Sep 07 17:46:15 +0000 2020,73184.0,,,True,False,50294.0,,False,False,False,F5F8FA,,,False,http://pbs.twimg.com/profile_images/1565722268738748416/4FWACDQs_normal.jpg,https://pbs.twimg.com/profile_images/1565722268738748416/4FWACDQs_normal.jpg,https://pbs.twimg.com/profile_banners/1303026765737218049/1653306587,1DA1F2,C0DEED,DDEEF6,333333,True,True,True,False,False,False,False,none,[],,,,,False,298.0,17005.0,False,False,en
Tue Feb 28 00:16:48 +0000 2023,1630361336881225728,1630361336881225728,@NSTG17 I feel saint gives the idea of aoe a bad rep as a lot associate it with him,False,"[8, 83]","<a href=""https://mobile.twitter.com"" rel=""nofollow"">Twitter Web App</a>",1.6303361218413732e+18,1630336121841373184,7.935961918754038e+17,793596191875403776,NSTG17,,,,,False,0,1,False,False,en,en,recent,1242062921003405312,1242062921003405312,Etienne Law,law_etienne,London,,https://t.co/BCVjKbzzAI,"[{'url': 'https://t.co/BCVjKbzzAI', 'expanded_url': 'https://www.artstation.com/etienne__law', 'display_url': 'artstation.com/etienne__law', 'indices': [0, 23]}]",[],False,100,682,0,Mon Mar 23 12:17:37 +0000 2020,5366,,,False,False,7529,,False,False,False,F5F8FA,,,False,http://pbs.twimg.com/profile_images/1389581880207499268/SlE7X2a-_normal.jpg,https://pbs.twimg.com/profile_images/1389581880207499268/SlE7X2a-_normal.jpg,https://pbs.twimg.com/profile_banners/1242062921003405312/1620137357,1DA1F2,C0DEED,DDEEF6,333333,True,True,True,False,False,False,False,none,[],,,,,,,,,,,,,,,,,,,,,,,,,,,,,,,,,,,,,,,,,,,,,,,,,,,,,,,,,,,,,,,,,,,,,,,
Mon Feb 27 20:08:21 +0000 2023,1630298816422481920,1630298816422481920,@itseditorchris Sesko killed for me for 2 years at AS Saint-Ã‰tienne but Ligue 1 wasn't a big enough stage for him.,False,"[16, 114]","<a href=""http://twitter.com/download/android"" rel=""nofollow"">Twitter for Android</a>",1.630199790368596e+18,1630199790368595969,163502143.0,163502143,itseditorchris,,,,,False,0,0,False,False,en,en,recent,1588777105248378880,1588777105248378880,Rabelais FM,RabelaisPlays,Portland-ish,"https://t.co/PlKOap5Izo 
Football Manager, Minecraft, BattleTech & more comic books than I know what to do with. #RCTID #BAONPDX",,,"[{'url': 'https://t.co/PlKOap5Izo', 'expanded_url': 'http://www.twitch.tv/rabelais', 'display_url': 'twitch.tv/rabelais', 'indices': [0, 23]}]",False,31,232,0,Sat Nov 05 06:16:21 +0000 2022,483,,,False,False,636,,False,False,False,F5F8FA,,,False,http://pbs.twimg.com/profile_images/1588937131249979393/5G5GQpJl_normal.jpg,https://pbs.twimg.com/profile_images/1588937131249979393/5G5GQpJl_normal.jpg,https://pbs.twimg.com/profile_banners/1588777105248378880/1667667061,1DA1F2,C0DEED,DDEEF6,333333,True,True,True,False,False,False,False,none,[],,,,,,,,,,,,,,,,,,,,,,,,,,,,,,,,,,,,,,,,,,,,,,,,,,,,,,,,,,,,,,,,,,,,,,,
Mon Feb 27 16:17:48 +0000 2023,1630240794631356417,1630240794631356417,"Solutions :

1. Waldemar Kita
2. 1986
3. Igor Tudor
4. Victor Osimhen
5. Real Madrid â€“ Liverpool FC
6. Lionel Messi
7. Gunnar Andersson (194 buts)
8. 200
9. 7 secondes
10. AS Saint-Etienne",False,"[0, 188]","<a href=""https://mobile.twitter.com"" rel=""nofollow"">Twitter Web App</a>",1.6302407448240087e+18,1630240744824008705,1.553096459909841e+18,1553096459909840896,CultissimeOff,,,,,False,0,0,False,False,en,en,recent,1553096459909840896,1553096459909840896,Cultissime âœ¨,CultissimeOff,,"On fait des quiz et on sâ€™instruit. 
Donc si tu veux te cultiver pour battre tout le monde au trivial pursuit abonne-toi ğŸ‘",,,[],False,1023,87,2,Fri Jul 29 19:14:05 +0000 2022,1266,,,False,False,895,,False,False,False,F5F8FA,,,False,http://pbs.twimg.com/profile_images/1553109976989720578/SX_MfTe0_normal.jpg,https://pbs.twimg.com/profile_images/1553109976989720578/SX_MfTe0_normal.jpg,https://pbs.twimg.com/profile_banners/1553096459909840896/1659125453,1DA1F2,C0DEED,DDEEF6,333333,True,True,True,False,False,False,False,none,[],,,,,,,,,,,,,,,,,,,,,,,,,,,,,,,,,,,,,,,,,,,,,,,,,,,,,,,,,,,,,,,,,,,,,,,
Mon Feb 27 01:57:31 +0000 2023,1630024295471542273,1630024295471542273,"Bourges Cathedral CathÃ©drale Saint-Ã‰tienne de Bourges,  Bourges France. I think the French pretty much mastered the art of the stained glass. Almost as blue as the famous blue at Chartres. https://t.co/3aDVr2Hs93",False,"[0, 188]","<a href=""http://twitter.com/#!/download/ipad"" rel=""nofollow"">Twitter for iPad</a>",,,,,,,,,,False,73,620,False,False,en,en,recent,1171839899890311173,1171839899890311173,ğŸ›Architectolder,Architectolder,,"Wandering. My other accounts
@Stonework20  @Greyscalegrey1",,,[],False,79605,460,576,Wed Sep 11 17:36:29 +0000 2019,83520,,,False,False,62619,,False,False,False,F5F8FA,,,False,http://pbs.twimg.com/profile_images/1233909865015398401/nVlotGnh_normal.jpg,https://pbs.twimg.com/profile_images/1233909865015398401/nVlotGnh_normal.jpg,https://pbs.twimg.com/profile_banners/1171839899890311173/1585956609,1DA1F2,C0DEED,DDEEF6,333333,True,False,True,False,False,False,False,none,[],False,,,,,,,,,,,,,,,,,,,,,,,,,,,,,,,,,,,,,,,,,,,,,,,,,,,,,,,,,,,,,,,,,,,,,,
Mon Feb 27 01:42:50 +0000 2023,1630020601023979520,1630020601023979520,"Real Madrid reportedly made a â‚¬17 million offer for legendary AS Saint-Ã‰tienne goalkeeper 34 year-old Austrian International  Niklas Hedl. Sources say Les Verts manager Rabelais called the offer for the iconic 6-time Golden Gloves winner ""Ludicrous"". Hedl joined ASSE in 2022.",False,"[0, 276]","<a href=""http://twitter.com/download/android"" rel=""nofollow"">Twitter for Android</a>",1.6300014254420378e+18,1630001425442037760,1.588777105248379e+18,1588777105248378880,RabelaisPlays,,,,,False,0,0,False,False,en,en,recent,1588777105248378880,1588777105248378880,Rabelais FM,RabelaisPlays,Portland-ish,"https://t.co/PlKOap5Izo 
Football Manager, Minecraft, BattleTech & more comic books than I know what to do with. #RCTID #BAONPDX",,,"[{'url': 'https://t.co/PlKOap5Izo', 'expanded_url': 'http://www.twitch.tv/rabelais', 'display_url': 'twitch.tv/rabelais', 'indices': [0, 23]}]",False,31,232,0,Sat Nov 05 06:16:21 +0000 2022,483,,,False,False,636,,False,False,False,F5F8FA,,,False,http://pbs.twimg.com/profile_images/1588937131249979393/5G5GQpJl_normal.jpg,https://pbs.twimg.com/profile_images/1588937131249979393/5G5GQpJl_normal.jpg,https://pbs.twimg.com/profile_banners/1588777105248378880/1667667061,1DA1F2,C0DEED,DDEEF6,333333,True,True,True,False,False,False,False,none,[],,,,,,,,,,,,,,,,,,,,,,,,,,,,,,,,,,,,,,,,,,,,,,,,,,,,,,,,,,,,,,,,,,,,,,,
Mon Feb 27 00:26:38 +0000 2023,1630001425442037760,1630001425442037760,"UCL Match Day 7. AS Saint-Ã‰tienne remained perfect and qualified for the Champions League Round of 16 with a 3-1 victory over Swiss Super League leaders Lugano. Sol, Henfrey and Bettencourt all scored as Les Verts cruised at home.",False,"[0, 230]","<a href=""http://twitter.com/download/android"" rel=""nofollow"">Twitter for Android</a>",1.629676611066024e+18,1629676611066023936,1.588777105248379e+18,1588777105248378880,RabelaisPlays,,,,,False,0,0,False,False,en,en,recent,1588777105248378880,1588777105248378880,Rabelais FM,RabelaisPlays,Portland-ish,"https://t.co/PlKOap5Izo 
Football Manager, Minecraft, BattleTech & more comic books than I know what to do with. #RCTID #BAONPDX",,,"[{'url': 'https://t.co/PlKOap5Izo', 'expanded_url': 'http://www.twitch.tv/rabelais', 'display_url': 'twitch.tv/rabelais', 'indices': [0, 23]}]",False,31,232,0,Sat Nov 05 06:16:21 +0000 2022,483,,,False,False,636,,False,False,False,F5F8FA,,,False,http://pbs.twimg.com/profile_images/1588937131249979393/5G5GQpJl_normal.jpg,https://pbs.twimg.com/profile_images/1588937131249979393/5G5GQpJl_normal.jpg,https://pbs.twimg.com/profile_banners/1588777105248378880/1667667061,1DA1F2,C0DEED,DDEEF6,333333,True,True,True,False,False,False,False,none,[],,,,,,,,,,,,,,,,,,,,,,,,,,,,,,,,,,,,,,,,,,,,,,,,,,,,,,,,,,,,,,,,,,,,,,,
Sun Feb 26 12:08:52 +0000 2023,1629815761341382657,1629815761341382657,@offtheballbbc What about something by Saint-Ã‰tienne seeing as they're the host city for Rugby World Cup this year? Only Love Can Break Your Heart perhaps?,False,"[15, 155]","<a href=""https://mobile.twitter.com"" rel=""nofollow"">Twitter Web App</a>",1.6298115705942671e+18,1629811570594267142,65922146.0,65922146,offtheballbbc,,,,,False,0,0,False,False,en,en,recent,1523976261588164608,1523976261588164608,StirlingEgg,StirlingEgg,Stirling eh,Is it rolling Bob?,,,[],False,107,486,0,Tue May 10 10:40:47 +0000 2022,7186,,,False,False,3006,,False,False,False,F5F8FA,,,False,http://pbs.twimg.com/profile_images/1622187273348341764/O-R-a_lb_normal.jpg,https://pbs.twimg.com/profile_images/1622187273348341764/O-R-a_lb_normal.jpg,https://pbs.twimg.com/profile_banners/1523976261588164608/1675594561,1DA1F2,C0DEED,DDEEF6,333333,True,True,True,False,False,False,False,none,[],,,,,,,,,,,,,,,,,,,,,,,,,,,,,,,,,,,,,,,,,,,,,,,,,,,,,,,,,,,,,,,,,,,,,,,
